{
  "manufacturer": "Embedded Systems",
  "description": "Universal 16+4 I/O module",
  "mapping": [
    { "name": "Output 1", "bus_datatype": "bool", "type": "coil", "address": 0, "writable": 1, "write_only": 1 },
    { "name": "Output 2", "bus_datatype": "bool", "type": "coil", "address": 1, "writable": 1, "write_only": 1 },
    { "name": "Output 3", "bus_datatype": "bool", "type": "coil", "address": 2, "writable": 1, "write_only": 1 },
    { "name": "Output 4", "bus_datatype": "bool", "type": "coil", "address": 3, "writable": 1, "write_only": 1 },
    { "name": "Output 5", "bus_datatype": "bool", "type": "coil", "address": 4, "writable": 1, "write_only": 1 },
    { "name": "Output 6", "bus_datatype": "bool", "type": "coil", "address": 5, "writable": 1, "write_only": 1 },
    { "name": "Output 7", "bus_datatype": "bool", "type": "coil", "address": 6, "writable": 1, "write_only": 1 },
    { "name": "Output 8", "bus_datatype": "bool", "type": "coil", "address": 7, "writable": 1, "write_only": 1 },
    { "name": "Output 9", "bus_datatype": "bool", "type": "coil", "address": 8, "writable": 1, "write_only": 1 },
    { "name": "Output 10", "bus_datatype": "bool", "type": "coil", "address": 9, "writable": 1, "write_only": 1 },
    { "name": "Output 11", "bus_datatype": "bool", "type": "coil", "address": 10, "writable": 1, "write_only": 1 },
    { "name": "Output 12", "bus_datatype": "bool", "type": "coil", "address": 11, "writable": 1, "write_only": 1 },
    { "name": "Output 13", "bus_datatype": "bool", "type": "coil", "address": 12, "writable": 1, "write_only": 1 },
    { "name": "Output 14", "bus_datatype": "bool", "type": "coil", "address": 13, "writable": 1, "write_only": 1 },
    { "name": "Output 15", "bus_datatype": "bool", "type": "coil", "address": 14, "writable": 1, "write_only": 1 },
    { "name": "Output 16", "bus_datatype": "bool", "type": "coil", "address": 15, "writable": 1, "write_only": 1 },
    { "name": "Input 1", "bus_datatype": "float16", "type": "inputregister", "address": 0, "value_multiplier": 0.001, "units": "V" },
    { "name": "Input 2", "bus_datatype": "float16", "type": "inputregister", "address": 1, "value_multiplier": 0.001, "units": "V" },
    { "name": "Input 3", "bus_datatype": "float16", "type": "inputregister", "address": 2, "value_multiplier": 0.001, "units": "V" },
    { "name": "Input 4", "bus_datatype": "float16", "type": "inputregister", "address": 3, "value_multiplier": 0.001, "units": "V" },
    { "name": "Input 5", "bus_datatype": "float16", "type": "inputregister", "address": 4, "value_multiplier": 0.001, "units": "V" },
    { "name": "Input 6", "bus_datatype": "float16", "type": "inputregister", "address": 5, "value_multiplier": 0.001, "units": "V" },
    { "name": "Input 7", "bus_datatype": "float16", "type": "inputregister", "address": 6, "value_multiplier": 0.001, "units": "V" },
    { "name": "Input 8", "bus_datatype": "float16", "type": "inputregister", "address": 7, "value_multiplier": 0.001, "units": "V" },
    { "name": "Input 9", "bus_datatype": "float16", "type": "inputregister", "address": 8, "value_multiplier": 0.001, "units": "V" },
    { "name": "Input 10", "bus_datatype": "float16", "type": "inputregister", "address": 9, "value_multiplier": 0.001, "units": "V" },
    { "name": "Input 11", "bus_datatype": "float16", "type": "inputregister", "address": 10, "value_multiplier": 0.001, "units": "V" },
    { "name": "Input 12", "bus_datatype": "float16", "type": "inputregister", "address": 11, "value_multiplier": 0.001, "units": "V" },
    { "name": "Input 13", "bus_datatype": "float16", "type": "inputregister", "address": 12, "value_multiplier": 0.001, "units": "V" },
    { "name": "Input 14", "bus_datatype": "float16", "type": "inputregister", "address": 13, "value_multiplier": 0.001, "units": "V" },
    { "name": "Input 15", "bus_datatype": "float16", "type": "inputregister", "address": 14, "value_multiplier": 0.001, "units": "V" },
    { "name": "Input 16", "bus_datatype": "float16", "type": "inputregister", "address": 15, "value_multiplier": 0.001, "units": "V" },
    { "name": "Input 17", "bus_datatype": "float16", "type": "inputregister", "address": 16, "value_multiplier": 0.001, "units": "V" },
    { "name": "Input 18", "bus_datatype": "float16", "type": "inputregister", "address": 17, "value_multiplier": 0.001, "units": "V" },
    { "name": "Input 19", "bus_datatype": "float16", "type": "inputregister", "address": 18, "value_multiplier": 0.001, "units": "V" },
    { "name": "Input 20", "bus_datatype": "float16", "type": "inputregister", "address": 19, "value_multiplier": 0.001, "units": "V" }
  ]
}
